link,product_name,price,discount,error,scraped_at
https://www.amazon.in/Casio-G-Shock-GA-2100RW-1ADR-Analog-Digital-Multicolour/dp/B0DLBH8CBZ?crid=1MUO57FCK29HV&dib=eyJ2IjoiMSJ9.UVRgbjbNDiGzPuk8t8DRWbkJmSy9Lmjp-Gsflv3D9dT1Z-HGwm_tWL-IrF4axPkxNPUlo6OdfbkVeX4GPMnlmvMygknW43vQgC0L4byptXq6KKFhDTMG7i2o0FYesFskRDJ9ktx8XSi6wtBc4SX4hvSR7WWYaHgOJlm7y0TeixL8Qax-JQ6rUu5zaIfYi6Q1lxSLje81bbkHxS48a_1JE0VsfFoZglocQZ737WsI2GHooRrnmmzSWPBjVjnCPJySai42uekBmv9wjMm41h4y1Ge_lPtKcD5oS--FmhZLVnQ.qPk82BAIIdZ7HBNlkQg-z-zAbNNRTbCYo08oA_2uQY8&dib_tag=se&keywords=men+watches+branded&qid=1756094955&sprefix=men+%2Caps%2C261&sr=8-1-spons&sp_csd=d2lkZ2V0TmFtZT1zcF9hdGY&psc=1&linkCode=ll1&tag=priceswoop04-21&linkId=607a23f324cfc31a588890a44332a7ed&language=en_IN&ref_=as_li_ss_tl,Casio G-Shock GA-2100RW-1ADR Analog-Digital Multicolour Dial Men (G1596),"₹9,995.009,995.00",,,2025-12-06 14:26:53
https://www.amazon.in/OLEVS-Chronograph-Stainless-Resistant-Luxury/dp/B07WGVZVTQ?crid=1MUO57FCK29HV&dib=eyJ2IjoiMSJ9.UVRgbjbNDiGzPuk8t8DRWbkJmSy9Lmjp-Gsflv3D9dT1Z-HGwm_tWL-IrF4axPkxNPUlo6OdfbkVeX4GPMnlmvMygknW43vQgC0L4byptXq6KKFhDTMG7i2o0FYesFskRDJ9ktx8XSi6wtBc4SX4hvSR7WWYaHgOJlm7y0TeixL8Qax-JQ6rUu5zaIfYi6Q1lxSLje81bbkHxS48a_1JE0VsfFoZglocQZ737WsI2GHooRrnmmzSWPBjVjnCPJySai42uekBmv9wjMm41h4y1Ge_lPtKcD5oS--FmhZLVnQ.qPk82BAIIdZ7HBNlkQg-z-zAbNNRTbCYo08oA_2uQY8&dib_tag=se&keywords=men+watches+branded&qid=1756094955&sprefix=men+%2Caps%2C261&sr=8-2-spons&sp_csd=d2lkZ2V0TmFtZT1zcF9hdGY&psc=1&linkCode=ll1&tag=priceswoop04-21&linkId=9f1badd3a277444bd421a1feb3cf8370&language=en_IN&ref_=as_li_ss_tl,OLEVS chronograph Men's Stainless Steel Watch (Blue Dial Silver Colored Strap),"₹3,040.003,040.00",-15%,,2025-12-06 14:26:38
https://www.amazon.in/Adidas-CGRANI-Running-Shoes-9-CL7631_9/dp/B07M8HLX18?crid=3FPJEQFGZ8OWP&dib=eyJ2IjoiMSJ9.iRe8sKfhFvwNDsV_tAYPXu7E8fmZumjEWsmtvJgaE9L3zQU0fQrAad__CJVNu9ZL3OeoJl9B2dVwzTTbzVs8nWh2PvXC1ID3XSNemvqgI_UEVdVkJI83e-x6fiGjgg5UDnR8mDandqkHZawvXZlE1jnn11fZ2IkdWcMRGcr3eAxPlBzRU6S3zymfP8ILfQY4YD_37d21Iu_gNSG30wCIO-fJxu1qkUrSqfoRrGMNWux4UAaWO-a1ulfy9g0NAQeA36M7S56XheBbkhezUUuyuL4IKYB84l_d_6gJSYXFcvw.nAuLd1CpMhVAODq0t60lzdBnkLlQSvlaCSVkbhNngGY&dib_tag=se&keywords=men+shoes+branded&qid=1756094963&sprefix=men+%2Caps%2C303&sr=8-10&linkCode=ll1&tag=priceswoop04-21&linkId=fdc92a30c2bc118a5189067ab2a1e4d1&language=en_IN&ref_=as_li_ss_tl,adidas Men Drogo M Running Shoe,"₹1,577.001,577.00",-56%,,2025-12-06 14:26:37
https://www.amazon.in/Campus-11G-677-Black-North-Running/dp/B08PRXXQB3?crid=3FPJEQFGZ8OWP&dib=eyJ2IjoiMSJ9.iRe8sKfhFvwNDsV_tAYPXu7E8fmZumjEWsmtvJgaE9L3zQU0fQrAad__CJVNu9ZL3OeoJl9B2dVwzTTbzVs8nWh2PvXC1ID3XSNemvqgI_UEVdVkJI83e-x6fiGjgg5UDnR8mDandqkHZawvXZlE1jnn11fZ2IkdWcMRGcr3eAxPlBzRU6S3zymfP8ILfQY4YD_37d21Iu_gNSG30wCIO-fJxu1qkUrSqfoRrGMNWux4UAaWO-a1ulfy9g0NAQeA36M7S56XheBbkhezUUuyuL4IKYB84l_d_6gJSYXFcvw.nAuLd1CpMhVAODq0t60lzdBnkLlQSvlaCSVkbhNngGY&dib_tag=se&keywords=men+shoes+branded&qid=1756094963&sprefix=men+%2Caps%2C303&sr=8-11&linkCode=ll1&tag=priceswoop04-21&linkId=8cc30a19ea0439414a6526a9c77f6223&language=en_IN&ref_=as_li_ss_tl,Campus Men North Plus Running Shoes,₹999.00999.00,-47%,,2025-12-06 14:00:32
https://www.amazon.in/Allen-Solly-Checkered-Regular-ALSFACUFL08084_Blue/dp/B0FCFD4JYR?crid=5MXA6PMHH2DB&dib=eyJ2IjoiMSJ9.1QzBEHgWOXsZAiSnF39NEB0TywAwmPWegayejSdFEuMj1oE7fZ9NZVZLsFmzs3W0WwlE--4He1-uT85hacqLbcEXBixEBOnXMF0QTArFRZ0yW2xUNHmW9SQTXQx2O6W8L4pkjgcHPj29lEfHM6GX8V-A-gIVYoL5tRWiHzxptpRAk7FEfQfIkq3YHBP7Mh5zAGqL4NluqGjueno-g4MUL8KgOpB3EuHxP4nbeWruikIGu5iym6ieg22jT616zkbB5I6tx-Vgx-NdGMk9Jl0S8kJ2XORri5Mzkj-yVLVD1e0.Sw5Nd0Tjbhlms-kBcgDVdiv70tdthS-hWeHAjDdyanQ&dib_tag=se&keywords=men+shirt+casual&qid=1756094973&sprefix=men+%2Caps%2C397&sr=8-7&linkCode=ll1&tag=priceswoop04-21&linkId=47f5ce520e3c786e6e30d59b1bfcb460&language=en_IN&ref_=as_li_ss_tl,Allen Solly Men Shirt,₹994.00994.00,-50%,,2025-12-06 14:26:38
https://www.amazon.in/U-TURN-Cotton-Solid-Formal-Medium/dp/B0CBX6DJH6?crid=5MXA6PMHH2DB&dib=eyJ2IjoiMSJ9.1QzBEHgWOXsZAiSnF39NEB0TywAwmPWegayejSdFEuMj1oE7fZ9NZVZLsFmzs3W0WwlE--4He1-uT85hacqLbcEXBixEBOnXMF0QTArFRZ0yW2xUNHmW9SQTXQx2O6W8L4pkjgcHPj29lEfHM6GX8V-A-gIVYoL5tRWiHzxptpRAk7FEfQfIkq3YHBP7Mh5zAGqL4NluqGjueno-g4MUL8KgOpB3EuHxP4nbeWruikIGu5iym6ieg22jT616zkbB5I6tx-Vgx-NdGMk9Jl0S8kJ2XORri5Mzkj-yVLVD1e0.Sw5Nd0Tjbhlms-kBcgDVdiv70tdthS-hWeHAjDdyanQ&dib_tag=se&keywords=men%2Bshirt%2Bcasual&qid=1756094973&sprefix=men%2B%2Caps%2C397&sr=8-9&th=1&psc=1&linkCode=ll1&tag=priceswoop04-21&linkId=ed3eec67bc37db5c0994dd82ee47b96a&language=en_IN&ref_=as_li_ss_tl,U-Turn Casual Shirt for Men || Shirt for Men Latest Stylish || Men Stylish Shirt || Men Printed Striped Shirt,₹485.00485.00,-70%,,2025-12-06 14:27:28
https://www.amazon.in/Sparx-Mens-White-Sneaker-SD0734G/dp/B09PVFJ2P4?crid=3QI6WVNMOZHBI&dib=eyJ2IjoiMSJ9.M7lbzWh30hoR6eW8zFz7t6-8GteTzkVUrMEficRZ_hhxLnIp_FSvFMj7t_Iu4BgvF6idbLORZiR7vMBukUrdiG4myJ11mKywbwendudgrM9J0vx_8oa_EoETgOzZstY_qOJLRzeV4ZFT0Lsn1ty8z0OXBZEs-6DDOalSjpQQuOe4Z2xASVyHhdT7iUH2N3WCPTOQsB86P8W78I98_DpFQH5l6er_oGNWdIwW4_RVl04JNZEVk6y_nQdMNllm179DGJgjAAMr9RYUAc3z6KtZ_ecquJKlMrJuUgYdCEaWy08.Ae21Jgk6QDdbzhz-QzXP4LJhNChhNf6eKZUtqzEaA10&dib_tag=se&keywords=men+sneakers&qid=1756094986&sprefix=men+%2Caps%2C357&sr=8-8&linkCode=ll1&tag=priceswoop04-21&linkId=736fa2fba4fbcceeb661a15ad61e8f16&language=en_IN&ref_=as_li_ss_tl,,,,Could not find title or price. Page layout may be unexpected.,2025-12-06 14:29:48
https://www.amazon.in/Organizer-Suitcase-Cosmeticse-Electronic-Underwear/dp/B0CWTTSSBT?content-id=amzn1.sym.739e670d-dfb3-4be0-9815-d8c5c0372e07%3Aamzn1.sym.739e670d-dfb3-4be0-9815-d8c5c0372e07&crid=1KR1F4WR52FVB&cv_ct_cx=men%2Bessentials&keywords=men%2Bessentials&pd_rd_i=B0CWTTSSBT&pd_rd_r=f7283c5a-e33a-4da0-8244-6eb6d7ea11fc&pd_rd_w=xACwv&pd_rd_wg=XDRf0&pf_rd_p=739e670d-dfb3-4be0-9815-d8c5c0372e07&pf_rd_r=SKSMCZ9C6F8PZSMT21J9&qid=1756095007&sbo=RZvfv%2F%2FHxDF%2BO5021pAnSA%3D%3D&sprefix=men%2Be%2Caps%2C310&sr=1-1-66673dcf-083f-43ba-b782-d4a436cc5cfb-spons&sp_csd=d2lkZ2V0TmFtZT1zcF9zZWFyY2hfdGhlbWF0aWM&th=1&linkCode=ll1&tag=priceswoop04-21&linkId=8435343dbcd7bf9d0699fc3c628eef05&language=en_IN&ref_=as_li_ss_tl,"9pcs Set Travel Organizer Packing Cubes Lightweight Travel Luggage Organizers with Laundry Bag or Toiletry Bag Laundry Organiser (Grey, 9 PCS)",₹719.00719.00,-71%,,2025-12-06 14:27:28
https://www.amazon.in/Travel-Likes-Shoe-Bag-Multipurpose/dp/B0DJSP3DV5?content-id=amzn1.sym.739e670d-dfb3-4be0-9815-d8c5c0372e07%3Aamzn1.sym.739e670d-dfb3-4be0-9815-d8c5c0372e07&crid=1KR1F4WR52FVB&cv_ct_cx=men%2Bessentials&keywords=men%2Bessentials&pd_rd_i=B0DJSP3DV5&pd_rd_r=f7283c5a-e33a-4da0-8244-6eb6d7ea11fc&pd_rd_w=xACwv&pd_rd_wg=XDRf0&pf_rd_p=739e670d-dfb3-4be0-9815-d8c5c0372e07&pf_rd_r=SKSMCZ9C6F8PZSMT21J9&qid=1756095007&sbo=RZvfv%2F%2FHxDF%2BO5021pAnSA%3D%3D&sprefix=men%2Be%2Caps%2C310&sr=1-2-66673dcf-083f-43ba-b782-d4a436cc5cfb-spons&sp_csd=d2lkZ2V0TmFtZT1zcF9zZWFyY2hfdGhlbWF0aWM&th=1&linkCode=ll1&tag=priceswoop04-21&linkId=ae5ae64d9aab8a50aa9bac29d5bceda9&language=en_IN&ref_=as_li_ss_tl,"Travel Likes Me Shoe Bag - Travel Accessories for Travelling, Waterproof Organizer Pouch with Zip, Essentials for Women and Men, Multipurpose Storage, Carry Shoes and Packing Sacks (Dark Blue)",₹409.00409.00,-37%,,2025-12-06 14:27:43
https://www.amazon.in/Water-Resistant-Compartments-Toiletries-Essentials-Pouch-Blue/dp/B00S6JCFB4?content-id=amzn1.sym.739e670d-dfb3-4be0-9815-d8c5c0372e07%3Aamzn1.sym.739e670d-dfb3-4be0-9815-d8c5c0372e07&crid=1KR1F4WR52FVB&cv_ct_cx=men%2Bessentials&keywords=men%2Bessentials&pd_rd_i=B00S6JCFB4&pd_rd_r=f7283c5a-e33a-4da0-8244-6eb6d7ea11fc&pd_rd_w=xACwv&pd_rd_wg=XDRf0&pf_rd_p=739e670d-dfb3-4be0-9815-d8c5c0372e07&pf_rd_r=SKSMCZ9C6F8PZSMT21J9&qid=1756095007&sbo=RZvfv%2F%2FHxDF%2BO5021pAnSA%3D%3D&sprefix=men%2Be%2Caps%2C310&sr=1-3-66673dcf-083f-43ba-b782-d4a436cc5cfb-spons&sp_csd=d2lkZ2V0TmFtZT1zcF9zZWFyY2hfdGhlbWF0aWM&th=1&linkCode=ll1&tag=priceswoop04-21&linkId=0e2f0db7b87a0f4f5a73eebca7906905&language=en_IN&ref_=as_li_ss_tl,"Swiss Military Unisex 5L Water-Resistant Toiletry Bag for Travel with Multiple Compartments, Quick Access Pocket, Durable Zippers, Organizer for Toiletries, Makeup and Essentials Pouch-Blue",₹909.00909.00,-30%,,2025-12-06 14:28:20
https://www.amazon.in/amazon-basics-Geometric-Sculpture-Power-Packed/dp/B0DVQ3G3T6?crid=492BPPIHAVOB&dib=eyJ2IjoiMSJ9.awi6bXa9l01_XOAN8vcQcxcdQL029tQTiRPraTy-r4veNsl7yClnjZx4U99dPbg3y87oQnJic7Ft6GODXubzSIVmzLiRBm8hs83DrEzjOLD1n32WLUcnR_-Cd8oXr1E-6Sg_LnBp3-aS_BM67EhAlI3M5uLGNNO9CPcJUwxeox1OWy8_Za6IC03335sb_XV34qBCBzwEparDugCNxDO5kZfvnR5Qn_4KStVGsa6iE3LCpZlwR4N5clmGPhcRUFGGXxgRIrOa1QfqChkAqs7IQc5PzInMwm94cUiLfnhiLAc.1Dhtfbz2qyd7z3n2bXTOqFPRG4z4oDUNzyl0MmF7YoI&dib_tag=se&keywords=home+decoration+items+for+living+room&qid=1756095022&sprefix=home+%2Caps%2C288&sr=8-2-spons&sp_csd=d2lkZ2V0TmFtZT1zcF9hdGY&psc=1&linkCode=ll1&tag=priceswoop04-21&linkId=48e5a29bdcead9951bca95fd6316ef4c&language=en_IN&ref_=as_li_ss_tl,"amazon basics Majestic Geometric Lion Sculpture | A Bold Emblem of Strength & Success | Power-Packed Décor Statement Pack of 1, Golden, Resin",₹629.00,,,2025-12-06 14:28:39
https://www.amazon.in/Artvibes-Designer-Decoration-Livingroom-Decorative/dp/B0CJLSF2T2?crid=492BPPIHAVOB&dib=eyJ2IjoiMSJ9.awi6bXa9l01_XOAN8vcQcxcdQL029tQTiRPraTy-r4veNsl7yClnjZx4U99dPbg3y87oQnJic7Ft6GODXubzSIVmzLiRBm8hs83DrEzjOLD1n32WLUcnR_-Cd8oXr1E-6Sg_LnBp3-aS_BM67EhAlI3M5uLGNNO9CPcJUwxeox1OWy8_Za6IC03335sb_XV34qBCBzwEparDugCNxDO5kZfvnR5Qn_4KStVGsa6iE3LCpZlwR4N5clmGPhcRUFGGXxgRIrOa1QfqChkAqs7IQc5PzInMwm94cUiLfnhiLAc.1Dhtfbz2qyd7z3n2bXTOqFPRG4z4oDUNzyl0MmF7YoI&dib_tag=se&keywords=home%2Bdecoration%2Bitems%2Bfor%2Bliving%2Broom&qid=1756095022&sprefix=home%2B%2Caps%2C288&sr=8-5&th=1&linkCode=ll1&tag=priceswoop04-21&linkId=8567717a56cfafb0b360abb13431fc90&language=en_IN&ref_=as_li_ss_tl,Artvibes Designer Elephant Wooden Wall Hanging for Home Decor | Hamsa Hand Decoration for Livingroom | Modern Artworks Items | Peace Charm Door Accent Decorative Hangings (WH_8506N),₹198.00198.00,-80%,,2025-12-06 14:28:33
https://www.amazon.in/Kaameri-Bazaar-Vasudevaya-Paramatmane-Decoration/dp/B0F37XDTF6?crid=492BPPIHAVOB&dib=eyJ2IjoiMSJ9.awi6bXa9l01_XOAN8vcQcxcdQL029tQTiRPraTy-r4veNsl7yClnjZx4U99dPbg3y87oQnJic7Ft6GODXubzSIVmzLiRBm8hs83DrEzjOLD1n32WLUcnR_-Cd8oXr1E-6Sg_LnBp3-aS_BM67EhAlI3M5uLGNNO9CPcJUwxeox1OWy8_Za6IC03335sb_XV34qBCBzwEparDugCNxDO5kZfvnR5Qn_4KStVGsa6iE3LCpZlwR4N5clmGPhcRUFGGXxgRIrOa1QfqChkAqs7IQc5PzInMwm94cUiLfnhiLAc.1Dhtfbz2qyd7z3n2bXTOqFPRG4z4oDUNzyl0MmF7YoI&dib_tag=se&keywords=home%2Bdecoration%2Bitems%2Bfor%2Bliving%2Broom&qid=1756095022&sprefix=home%2B%2Caps%2C288&sr=8-6&th=1&linkCode=ll1&tag=priceswoop04-21&linkId=4dc64f48388f773cc32534058815b439&language=en_IN&ref_=as_li_ss_tl,"Kaameri Bazaar Wood Hare Krishna Vasudevaya Haraye Paramatmane Krishna Mantra Wall Hanging for Living Room|Home Decoration Item|Wall Art,63 Cm",₹299.00299.00,-50%,,2025-12-06 14:29:10
https://www.amazon.in/Peacock-Figurine-Tabletop-Showpiece-Included/dp/B0CZDSGVRN?crid=492BPPIHAVOB&dib=eyJ2IjoiMSJ9.awi6bXa9l01_XOAN8vcQcxcdQL029tQTiRPraTy-r4veNsl7yClnjZx4U99dPbg3y87oQnJic7Ft6GODXubzSIVmzLiRBm8hs83DrEzjOLD1n32WLUcnR_-Cd8oXr1E-6Sg_LnBp3-aS_BM67EhAlI3M5uLGNNO9CPcJUwxeox1OWy8_Za6IC03335sb_XV34qBCBzwEparDugCNxDO5kZfvnR5Qn_4KStVGsa6iE3LCpZlwR4N5clmGPhcRUFGGXxgRIrOa1QfqChkAqs7IQc5PzInMwm94cUiLfnhiLAc.1Dhtfbz2qyd7z3n2bXTOqFPRG4z4oDUNzyl0MmF7YoI&dib_tag=se&keywords=home%2Bdecoration%2Bitems%2Bfor%2Bliving%2Broom&qid=1756095022&sprefix=home%2B%2Caps%2C288&sr=8-4-spons&sp_csd=d2lkZ2V0TmFtZT1zcF9hdGY&th=1&linkCode=ll1&tag=priceswoop04-21&linkId=10dd3730f89e4fbbf92c82e0f6d1b7f7&language=en_IN&ref_=as_li_ss_tl,"BEHOMA Metal Dancing Peacock Figurine for Good Luck & Love,Candle Holder for Home Dcor Tabletop Living,Showpiece for Valentine's Day,Birthday(Scented Glass Votive Candle Included),Gold,18.5cm,11cm","₹1,399.001,399.00",-53%,,2025-12-06 14:29:25
https://www.amazon.in/Ellementry-Restive-Face-Ecomix-Sculpture/dp/B0BHT5DJ44?content-id=amzn1.sym.739e670d-dfb3-4be0-9815-d8c5c0372e07%3Aamzn1.sym.739e670d-dfb3-4be0-9815-d8c5c0372e07&crid=492BPPIHAVOB&cv_ct_cx=home+decoration+items+for+living+room&keywords=home+decoration+items+for+living+room&pd_rd_i=B0BHT5DJ44&pd_rd_r=2003b1c7-3b4a-4029-8d4f-048ea4f2a401&pd_rd_w=UdXzf&pd_rd_wg=3LauM&pf_rd_p=739e670d-dfb3-4be0-9815-d8c5c0372e07&pf_rd_r=JX3XCETPBJ3GPS18WXMG&qid=1756095022&sbo=RZvfv%2F%2FHxDF%2BO5021pAnSA%3D%3D&sprefix=home+%2Caps%2C288&sr=1-2-66673dcf-083f-43ba-b782-d4a436cc5cfb-spons&sp_csd=d2lkZ2V0TmFtZT1zcF9zZWFyY2hfdGhlbWF0aWM&psc=1&linkCode=ll1&tag=priceswoop04-21&linkId=e73f1b844240bfa5738c46f263cc690d&language=en_IN&ref_=as_li_ss_tl,"Ellementry Restive Face Ecomix Sculpture - Black, Home Décor Showpiece Figurine for Living Room & Office, Modern Asthetic Tabletop Decorative Accent, Unique Gift Item for Shelf Decoration","₹2,090.002,090.00",,,2025-12-06 14:29:44
https://www.amazon.in/LIFEHAXTORE%C2%AE-Decorating-Finish-Ceramic-Figures/dp/B09DCLP5XT?content-id=amzn1.sym.739e670d-dfb3-4be0-9815-d8c5c0372e07%3Aamzn1.sym.739e670d-dfb3-4be0-9815-d8c5c0372e07&crid=492BPPIHAVOB&cv_ct_cx=home%2Bdecoration%2Bitems%2Bfor%2Bliving%2Broom&keywords=home%2Bdecoration%2Bitems%2Bfor%2Bliving%2Broom&pd_rd_i=B09DCLP5XT&pd_rd_r=2003b1c7-3b4a-4029-8d4f-048ea4f2a401&pd_rd_w=UdXzf&pd_rd_wg=3LauM&pf_rd_p=739e670d-dfb3-4be0-9815-d8c5c0372e07&pf_rd_r=JX3XCETPBJ3GPS18WXMG&qid=1756095022&sbo=RZvfv%2F%2FHxDF%2BO5021pAnSA%3D%3D&sprefix=home%2B%2Caps%2C288&sr=1-3-66673dcf-083f-43ba-b782-d4a436cc5cfb-spons&sp_csd=d2lkZ2V0TmFtZT1zcF9zZWFyY2hfdGhlbWF0aWM&th=1&linkCode=ll1&tag=priceswoop04-21&linkId=07e1a4d74f55011a53455499ecc78e63&language=en_IN&ref_=as_li_ss_tl,"LIFEHAXTORE Home Décor Fire Shape Handicraft Resin Table Decorating Matte Finish Ceramic Figures - (White), 7 cm",₹763.91763.91,-62%,,2025-12-06 14:30:01
https://www.amazon.in/amazon-basics-Geometric-Sculpture-Power-Packed/dp/B0DVQ3G3T6?content-id=amzn1.sym.739e670d-dfb3-4be0-9815-d8c5c0372e07%3Aamzn1.sym.739e670d-dfb3-4be0-9815-d8c5c0372e07&crid=492BPPIHAVOB&cv_ct_cx=home+decoration+items+for+living+room&keywords=home+decoration+items+for+living+room&pd_rd_i=B0DVQ3G3T6&pd_rd_r=2003b1c7-3b4a-4029-8d4f-048ea4f2a401&pd_rd_w=UdXzf&pd_rd_wg=3LauM&pf_rd_p=739e670d-dfb3-4be0-9815-d8c5c0372e07&pf_rd_r=JX3XCETPBJ3GPS18WXMG&qid=1756095022&sbo=RZvfv%2F%2FHxDF%2BO5021pAnSA%3D%3D&sprefix=home+%2Caps%2C288&sr=1-1-66673dcf-083f-43ba-b782-d4a436cc5cfb-spons&sp_csd=d2lkZ2V0TmFtZT1zcF9zZWFyY2hfdGhlbWF0aWM&psc=1&linkCode=ll1&tag=priceswoop04-21&linkId=7d92a8e07c705268eea36e0eb169fbe4&language=en_IN&ref_=as_li_ss_tl,"amazon basics Majestic Geometric Lion Sculpture | A Bold Emblem of Strength & Success | Power-Packed Décor Statement Pack of 1, Golden, Resin",₹629.00,,,2025-12-06 14:30:38
https://www.amazon.in/SaleOn-Portable-Storage-Organizer-Earphone/dp/B0D5J6X2ZJ?crid=221036X4843YK&dib=eyJ2IjoiMSJ9.5joc9E_zBzAbtZC3MNDlijRnmGCf8eBCswPTVVITE4JiUlon7OFzm5urCQ3kLbWKG6MvkJQ0bQPbnMr4So-K9TVHZOzo_dltLauCljISAi42kwOGveWtvqLVWBCJ6YSU52cgCOgKKKSrspTA6D1QMHxjE6d3erRRkU--Bi1_TaIfOLw8kTs7sZYkhagdtZNGyHr9TlxdixKRzXo5mWifnT90MWnDCwP40J_IDPwdj2o.Ng6f2_tnAuV3Jhjyq-Naq73h9BHvw587QH_jiHRSrJ4&dib_tag=se&keywords=mobile%2Baccessories%2Ball%2Bitems&qid=1756095059&sprefix=mobile%2Bac%2Caps%2C315&sr=8-4&th=1&linkCode=ll1&tag=priceswoop04-21&linkId=fc0f19a95b30f6728577b4deda54be2f&language=en_IN&ref_=as_li_ss_tl,"SaleOn 8.3x5 Inch Portable Storage Organizer Bag USB Cable, Earphone, Power Bank, Mobile Charger, Hard Disk & Digital Gadgets with Mesh, Dual Zippers & Elastic Loops, Inside Color May Vary",₹294.00294.00,-51%,,2025-12-06 14:30:38
https://www.amazon.in/Satpurush-Refrigerator-Organizer-Containers-Accessories/dp/B0DZT3QQ59?crid=2PBTLB7DRVSZC&dib=eyJ2IjoiMSJ9.Lr36qeqE36OvibURzXmW1Q8bd_muv0mb8r71nbwdCd_QVbUAERY4qikBAZy203l4PmKTHhDVGmekuin0bzJR83boPHAuIImx7iI1PRvQv_MWWfIyeB7FB8iBCLOKUgwj4xbC4jh0iZbVV1GFzRltBpOJ-Vckcb9NPWq1FsxwnHuP1pJv0eCWB1NXGZdMoiUqGUPRlg6OSvJf1HRCpPz22eGid40E1qEXAiEiqwuKxB9MZQZEznT3YJ8MxWcUMRNRWJY41VK8fxh8Heuu_Mzn8uLXgu0FuyMBY3bV4IWcXIY.T3UIx17gOjYQrBxOKzo2yMYPmy-YNlKW5Jpku2fKo2I&dib_tag=se&keywords=home%2Band%2Bkitchen%2Bproducts&qid=1756095359&sprefix=home%2Band%2B%2Caps%2C327&sr=8-1&th=1&linkCode=ll1&tag=priceswoop04-21&linkId=398e12a72cc72b9699ab88025917dc06&language=en_IN&ref_=as_li_ss_tl,"Fridge Storage Containers for Vegetables – 1200 ml (Pack of 6) | Refrigerator Organiser Boxes | Freezer Safe, BPA Free Plastic Fridge Containers | Kitchen Storage Box for Vegetables & Fruits",₹283.00283.00,-72%,,2025-12-06 14:30:39
https://www.amazon.in/Weighing-Balanced-Batteries-Included-A121/dp/B083C6XMKQ?crid=2PBTLB7DRVSZC&dib=eyJ2IjoiMSJ9.Lr36qeqE36OvibURzXmW1Q8bd_muv0mb8r71nbwdCd_QVbUAERY4qikBAZy203l4PmKTHhDVGmekuin0bzJR83boPHAuIImx7iI1PRvQv_MWWfIyeB7FB8iBCLOKUgwj4xbC4jh0iZbVV1GFzRltBpOJ-Vckcb9NPWq1FsxwnHuP1pJv0eCWB1NXGZdMoiUqGUPRlg6OSvJf1HRCpPz22eGid40E1qEXAiEiqwuKxB9MZQZEznT3YJ8MxWcUMRNRWJY41VK8fxh8Heuu_Mzn8uLXgu0FuyMBY3bV4IWcXIY.T3UIx17gOjYQrBxOKzo2yMYPmy-YNlKW5Jpku2fKo2I&dib_tag=se&keywords=home+and+kitchen+products&qid=1756095359&sprefix=home+and+%2Caps%2C327&sr=8-3&linkCode=ll1&tag=priceswoop04-21&linkId=66a47c5ec8fe98ae25c8771e69909e91&language=en_IN&ref_=as_li_ss_tl,"Atom 10Kg Kitchen Weight Machine 6 Months Manufacturer Warranty, Digital Scale with LCD Display, Scale for Home Baking, Cooking & Balance Diet. Machine with capacity 10Kg, SF400/A121,Color May Vary",₹215.00215.00,-64%,,2025-12-06 14:30:51
https://www.amazon.in/Stainless-Julienne-Vegetable-Multi-Functional-Cucumbers/dp/B0DY51ZQTN?content-id=amzn1.sym.739e670d-dfb3-4be0-9815-d8c5c0372e07%3Aamzn1.sym.739e670d-dfb3-4be0-9815-d8c5c0372e07&crid=2PBTLB7DRVSZC&cv_ct_cx=home%2Band%2Bkitchen%2Bproducts&keywords=home%2Band%2Bkitchen%2Bproducts&pd_rd_i=B0DY51ZQTN&pd_rd_r=89062144-1b65-481d-b893-2327dcfc3bc7&pd_rd_w=gsCeY&pd_rd_wg=Or4XD&pf_rd_p=739e670d-dfb3-4be0-9815-d8c5c0372e07&pf_rd_r=V9NM0E1MTG1F04M38K92&qid=1756095359&sbo=RZvfv%2F%2FHxDF%2BO5021pAnSA%3D%3D&sprefix=home%2Band%2B%2Caps%2C327&sr=1-2-66673dcf-083f-43ba-b782-d4a436cc5cfb-spons&sp_csd=d2lkZ2V0TmFtZT1zcF9zZWFyY2hfdGhlbWF0aWM&th=1&linkCode=ll1&tag=priceswoop04-21&linkId=1c28ff195ab0f1a3a74f172dddf94db8&language=en_IN&ref_=as_li_ss_tl,"2 in 1 Stainless Steel Julienne Vegetable Peeler Multi-Functional Fruit & Veggie Shredder Slicer and Grater for Potatoes, Carrots, Cucumbers (Silver, 18 x 8.2 x 2.4 cm)",₹279.00279.00,-60%,,2025-12-06 14:31:28
https://www.amazon.in/Non-Slip-Cutting-Antibacterial-Stainless-Chopping/dp/B092SGDZ1G?content-id=amzn1.sym.739e670d-dfb3-4be0-9815-d8c5c0372e07%3Aamzn1.sym.739e670d-dfb3-4be0-9815-d8c5c0372e07&crid=2PBTLB7DRVSZC&cv_ct_cx=home%2Band%2Bkitchen%2Bproducts&keywords=home%2Band%2Bkitchen%2Bproducts&pd_rd_i=B092SGDZ1G&pd_rd_r=89062144-1b65-481d-b893-2327dcfc3bc7&pd_rd_w=gsCeY&pd_rd_wg=Or4XD&pf_rd_p=739e670d-dfb3-4be0-9815-d8c5c0372e07&pf_rd_r=V9NM0E1MTG1F04M38K92&qid=1756095359&sbo=RZvfv%2F%2FHxDF%2BO5021pAnSA%3D%3D&sprefix=home%2Band%2B%2Caps%2C327&sr=1-1-66673dcf-083f-43ba-b782-d4a436cc5cfb-spons&sp_csd=d2lkZ2V0TmFtZT1zcF9zZWFyY2hfdGhlbWF0aWM&th=1&linkCode=ll1&tag=priceswoop04-21&linkId=1803e55198dd7a407accc2160ae15c34&language=en_IN&ref_=as_li_ss_tl,"Large Non-Slip Wooden Bamboo Cutting Board with Antibacterial Surface with Stainless Steel Handle, Chopping Board for Kitchen, Cutting Board for Kitchen (Wood)",₹203.00203.00,-80%,,2025-12-06 14:31:29
https://www.amazon.in/SOFTSPUN-Microfiber-Multi-Colour-Absorbent-Silverware/dp/B0CXM5DT52?crid=2PBTLB7DRVSZC&dib=eyJ2IjoiMSJ9.Lr36qeqE36OvibURzXmW1Q8bd_muv0mb8r71nbwdCd_QVbUAERY4qikBAZy203l4PmKTHhDVGmekuin0bzJR83boPHAuIImx7iI1PRvQv_MWWfIyeB7FB8iBCLOKUgwj4xbC4jh0iZbVV1GFzRltBpOJ-Vckcb9NPWq1FsxwnHuP1pJv0eCWB1NXGZdMoiUqGUPRlg6OSvJf1HRCpPz22eGid40E1qEXAiEiqwuKxB9MZQZEznT3YJ8MxWcUMRNRWJY41VK8fxh8Heuu_Mzn8uLXgu0FuyMBY3bV4IWcXIY.T3UIx17gOjYQrBxOKzo2yMYPmy-YNlKW5Jpku2fKo2I&dib_tag=se&keywords=home%2Band%2Bkitchen%2Bproducts&qid=1756095359&sprefix=home%2Band%2B%2Caps%2C327&sr=8-5&th=1&linkCode=ll1&tag=priceswoop04-21&linkId=ae56d81097cc9e47a68b147b579adb0b&language=en_IN&ref_=as_li_ss_tl,"SOFTSPUN Microfiber Cleaning Cloths, 12pcs 30x30cms 220 GSM Multi-Colour! Highly Absorbent Lint and Streak Free Multi -Purpose Wash Cloth for Kitchen Window Stainless Steel Silverware.",₹267.00267.00,-55%,,2025-12-06 14:31:29
https://www.amazon.in/Gala-Sponge-Wipe-Multicolor-Pieces/dp/B00M6P68NU?crid=2PBTLB7DRVSZC&dib=eyJ2IjoiMSJ9.Lr36qeqE36OvibURzXmW1Q8bd_muv0mb8r71nbwdCd_QVbUAERY4qikBAZy203l4PmKTHhDVGmekuin0bzJR83boPHAuIImx7iI1PRvQv_MWWfIyeB7FB8iBCLOKUgwj4xbC4jh0iZbVV1GFzRltBpOJ-Vckcb9NPWq1FsxwnHuP1pJv0eCWB1NXGZdMoiUqGUPRlg6OSvJf1HRCpPz22eGid40E1qEXAiEiqwuKxB9MZQZEznT3YJ8MxWcUMRNRWJY41VK8fxh8Heuu_Mzn8uLXgu0FuyMBY3bV4IWcXIY.T3UIx17gOjYQrBxOKzo2yMYPmy-YNlKW5Jpku2fKo2I&dib_tag=se&keywords=home%2Band%2Bkitchen%2Bproducts&qid=1756095359&sprefix=home%2Band%2B%2Caps%2C327&sr=8-4&th=1&linkCode=ll1&tag=priceswoop04-21&linkId=56ec3da8ccf57bab77aa058312456e02&language=en_IN&ref_=as_li_ss_tl,Gala Sponge Wipe for Kitchen 5 Pcs Pack (Multipurpose) (148995),₹209.00209.00,-25%,,2025-12-06 14:31:42
https://www.amazon.in/VYOOx-Bathroom-Cleaning-Handle-Kitchen/dp/B0C74C6821?crid=2PBTLB7DRVSZC&dib=eyJ2IjoiMSJ9.Lr36qeqE36OvibURzXmW1Q8bd_muv0mb8r71nbwdCd_QVbUAERY4qikBAZy203l4PmKTHhDVGmekuin0bzJR83boPHAuIImx7iI1PRvQv_MWWfIyeB7FB8iBCLOKUgwj4xbC4jh0iZbVV1GFzRltBpOJ-Vckcb9NPWq1FsxwnHuP1pJv0eCWB1NXGZdMoiUqGUPRlg6OSvJf1HRCpPz22eGid40E1qEXAiEiqwuKxB9MZQZEznT3YJ8MxWcUMRNRWJY41VK8fxh8Heuu_Mzn8uLXgu0FuyMBY3bV4IWcXIY.T3UIx17gOjYQrBxOKzo2yMYPmy-YNlKW5Jpku2fKo2I&dib_tag=se&keywords=home+and+kitchen+products&qid=1756095359&sprefix=home+and+%2Caps%2C327&sr=8-9&linkCode=ll1&tag=priceswoop04-21&linkId=a5acf814c248296dd73a8fd289c5fc0b&language=en_IN&ref_=as_li_ss_tl,VYOOx Toilet Cleaning Brush with Wiper Tiles Cleaning Bathroom Brush Floor Scrub Brush with Long Handle 120° Rotate 2IN1 Home Kitchen Bathroom Toilet Cleaning Brush Pack-1,₹222.00222.00,-63%,,2025-12-06 14:32:19
https://www.amazon.in/gp/product/B0000C73CQ?th=1&linkCode=ll1&tag=dealjolt-21&linkId=3b807d019619ec325026745725abd291&language=en_IN&ref_=as_li_ss_tl,,,,Could not find title or price. Page layout may be unexpected.,2025-12-06 14:34:39
https://www.amazon.in/gp/product/B01AJOFYCK?th=1&linkCode=ll1&tag=dealjolt-21&linkId=b84b93546f7aeda5e821550aaa8960d1&language=en_IN&ref_=as_li_ss_tl,Castrol Activ 20W-40 4T Engine Oil for Bikes with Synthetic Technology (1L) |3X Protection with Actibond Technology | Engine Protection for Bikes | API SN and JASO MA2,₹379.00379.00,-15%,,2025-12-06 14:32:20
https://www.amazon.in/gp/product/B07C7CVXQ9?th=1&linkCode=ll1&tag=dealjolt-21&linkId=c28233739be487fb46e0307aec6141ec&language=en_IN&ref_=as_li_ss_tl,Castrol Activ 20W-40 4T Engine Oil for Bikes with Synthetic Technology (900ML) | 3X Protection with Actibond Technology | Engine Protection for bikes | API SN and JASO MA2,₹350.00350.00,-14%,,2025-12-06 14:32:32
https://www.amazon.in/gp/product/B07QDNQK18?th=1&linkCode=ll1&tag=dealjolt-21&linkId=f475e5baaa3af5c68dfd94eec2489c93&language=en_IN&ref_=as_li_ss_tl,Castrol Activ 10W-30 4T Engine Oil for Bikes with Synthetic Technology (1L) |3X Protection with Actibond Technology | Engine Protection for Bikes | API SN and JASO MA2,₹389.00389.00,-14%,,2025-12-06 14:33:10
https://www.amazon.in/gp/product/B00R1P3B4O?&linkCode=ll1&tag=dealjolt-21&linkId=80aec9dde49de98c2499f6be6ab16028&language=en_IN&ref_=as_li_ss_tl,Fujifilm Instax Mini Single Pack 10 Sheets Instant Film for Fuji Instant Cameras,₹699.00699.00,-13%,,2025-12-06 14:33:10
https://www.amazon.in/gp/product/B0BL1RP9RX?th=1&linkCode=ll1&tag=dealjolt-21&linkId=3dd8c2589774c294df2356b349fba840&language=en_IN&ref_=as_li_ss_tl,Castrol Activ 10W-30 4-AT Synthetic Engine Oil for Scooter 800 ML & Castrol Gear Oil 80W-90 for Scooter Gears 120 ML Combo Pack,₹419.00419.00,,,2025-12-06 14:33:38
https://www.amazon.in/gp/product/B0CZTWY2SW?&linkCode=ll1&tag=dealjolt-21&linkId=606272476212ba0ebfeec3aa384608ab&language=en_IN&ref_=as_li_ss_tl,"Philips OneBlade Gen Z Beard & Body Trimmer & Styler|Ideal for 1st Trim|Designed for Skin Comfort, No Nicks & Cuts, Dual Protect Tech| Acne Prone, Patchy Beard, Young Skin, QP 1624/10","₹1,799.001,799.00",-18%,,2025-12-06 14:33:59
https://www.amazon.in/gp/product/B085282C1R?th=1&linkCode=ll1&tag=dealjolt-21&linkId=61a3365030b2f6a5c783542ebad1387a&language=en_IN&ref_=as_li_ss_tl,Fujifilm Instax Mini 11 Instant Camera (Blush Pink),"₹8,499.00",,,2025-12-06 14:34:21
https://www.amazon.in/gp/product/B085286JCJ?th=1&linkCode=ll1&tag=dealjolt-21&linkId=9eca07928e05003ea0445254883f9310&language=en_IN&ref_=as_li_ss_tl,Fujifilm Instax Mini 11 Instant Camera (Lilac Purple),"₹5,999.005,999.00",-25%,,2025-12-06 14:34:28
https://www.amazon.in/gp/product/B0852844YB?&linkCode=ll1&tag=dealjolt-21&linkId=c72893d5933e85bdbea513d32d060ddc&language=en_IN&ref_=as_li_ss_tl,Fujifilm Instax Mini 11 Instant Camera (Charcoal Grey),"₹5,999.005,999.00",-25%,,2025-12-06 14:34:50
https://www.amazon.in/gp/product/B08TS97385?th=1&linkCode=ll1&tag=dealjolt-21&linkId=ad256dcd3b9e30979c75efb01989e4b1&language=en_IN&ref_=as_li_ss_tl,Fujifilm Instax Mini 11 Instant Camera (Lilac Purple) Gift Box with 10 Shots,"₹5,999.00",,,2025-12-06 14:35:32
https://www.amazon.in/gp/product/B07QCPZ5SW?th=1&linkCode=ll1&tag=dealjolt-21&linkId=87b280666002091ebd8ea27280b24ee5&language=en_IN&ref_=as_li_ss_tl,Castrol Activ 10W-30 4T Engine Oil for Bikes with Synthetic Technology (900ML) | 3X Protection with Actibond Technology | Engine Protection for Bikes | API SN and JASO MA2,₹385.00385.00,-10%,,2025-12-06 14:35:20
https://www.amazon.in/gp/product/B0B829CMMX?th=1&linkCode=ll1&tag=dealjolt-21&linkId=d423c0c583afad2fce279735f63a4fe6&language=en_IN&ref_=as_li_ss_tl,,,,"Page load failed: Message: timeout: Timed out receiving message from renderer: 4.750
  (Session info: chrome=143.0.7499.41)
Stacktrace:
Symbols not available. Dumping unresolved backtrace:
	0xbd0d23
	0xbd0d64
	0x9be6dd
	0x9aed49
	0x9aea85
	0x9ac94f
	0x9ad456
	0x9ba09b
	0x9cbe5e
	0x9d1976
	0x9adad2
	0x9cbbd5
	0xa4de45
	0xa2b2e6
	0x9fd321
	0x9fe1d4
	0xe24d64
	0xe2031b
	0xe3cbfa
	0xbeac28
	0xbf2c2d
	0xbd9028
	0xbd91e9
	0xbc3578
	0x75785d49
	0x77d6d6cb
	0x77d6d651
",2025-12-06 14:35:03
https://www.amazon.in/gp/product/B085283V4X?&linkCode=ll1&tag=dealjolt-21&linkId=51935c3d190a67aec6c49a7a95f70689&language=en_IN&ref_=as_li_ss_tl,Fujifilm Instax Mini 11 Instant Camera (Ice White),"₹5,999.005,999.00",-25%,,2025-12-06 14:35:40
https://www.amazon.in/gp/product/B08TS993BC?th=1&linkCode=ll1&tag=dealjolt-21&linkId=6a835bfa89ab258dfe577a2e24c41196&language=en_IN&ref_=as_li_ss_tl,Fujifilm Instax Mini 11 Instant Camera (Blush Pink) Gift Box with 10 Shots,"₹7,198.00",,,2025-12-06 14:36:13
https://www.amazon.in/gp/product/B08TR25PDX?th=1&linkCode=ll1&tag=dealjolt-21&linkId=84ff88b362f51468e9483fd5ab247a17&language=en_IN&ref_=as_li_ss_tl,Fujifilm Instax Mini 11 Instant Camera (Charcoal Grey) Gift Box with 10 Shots,"₹6,499.006,499.00",-24%,,2025-12-06 14:36:12
https://www.amazon.in/gp/product/B0B8292914?th=1&linkCode=ll1&tag=dealjolt-21&linkId=87b0ee811c08e40c41379d35b4fbb775&language=en_IN&ref_=as_li_ss_tl,Fujifilm Instax Mini 11 Instant Camera (Blush Pink) Moments Box with 20 Shots,"₹8,499.00",,,2025-12-06 14:36:42
https://www.amazon.in/gp/product/B0B82SCR8K?th=1&linkCode=ll1&tag=dealjolt-21&linkId=e44e97b3f13a56d1f9d9031ee0723b41&language=en_IN&ref_=as_li_ss_tl,Fujifilm Instax Mini 11 Instant Camera (Ice White) Moments Box with 20 Shots,"₹6,999.006,999.00",-22%,,2025-12-06 14:36:30
https://www.amazon.in/gp/product/B0C9ZMXK1N?th=1&linkCode=ll1&tag=dealjolt-21&linkId=d4861637c8050bbce36baf9d23ecee86&language=en_IN&ref_=as_li_ss_tl,Fujifilm Instax Mini 12 Moments Box with 20 Shots- Green,"₹8,499.008,499.00",-26%,,2025-12-06 14:37:02
https://www.amazon.in/Amazon-Basics-All-Season-Windscreen-Concentrate/dp/B0CWFFN5MS?content-id=amzn1.sym.b5876297-ded6-4475-876b-d315610bb575%3Aamzn1.sym.b5876297-ded6-4475-876b-d315610bb575&dib=eyJ2IjoiMSJ9.Zl98AYk_LNl2CiXodli085oy9tqD6TE05Wqt5rb6kipV2wumWDtS7TViK86mR-hEjthu6FwfksTDjC2Kcg3xsJ1n0HGoDcBZOJcodeGL85X3XXvuc8zG7UVvZI-jACB9SrgJCCj_4S0uatIJuhLvb8iA9kgqvVm-uBbNEXLdoFzgXDb2z-ZEYvi9V2TjY8KosCvAOEd5oUKwuXoSmCF1fqGy4DoRSzyKRoQIasqgI0xeHl9405BJNKJTqeQ-qX2KLczJTi2Ujayb5G_yMxPSUgxas4JVeasuLd4KaBNB8ac.ZdIe74NUbwRAhPZU4wQHqiKKFaPhmMKwozjJ6NhDsPI&dib_tag=se&keywords=amazon+basics&pd_rd_r=3b965d7c-0a62-486f-8da0-ebe1c61a4ae3&pd_rd_w=CGkB3&pd_rd_wg=VgZOY&qid=1756087139&sr=8-8&linkCode=ll1&tag=dealjolt-21&linkId=9a968aa387ba2482cdf31be5e0e0e9b9&language=en_IN&ref_=as_li_ss_tl,Amazon Basics 250 ml All-Season Windscreen Washer Concentrate (1:50) | Ultimate Visibility Formula | Anti-Freeze Protection | Removes Grime & Bugs,₹289.00289.00,-47%,,2025-12-06 14:37:04
https://www.amazon.in/Amazon-Brand-Symbol-SY-S25-M-BGD-502-Light-Indigo-38/dp/B0FBGQGQC9?crid=LLD2FVGVGMJ6&dib=eyJ2IjoiMSJ9.Mj3dKqkwDpqOfzA4mDxPLEIB2qOEOQnHNtPkDmh5vFVt9falLY_XOQrl-7N6YOf9JjxmLcq4qZFKuEP3s19kCMtQ4ygpbhBBtY9zxE0XaRnkNPNSCPboV_OgRsxcOOK889rsT7B3SZRY9EXPu_i5PIb7rzINY6cyCagakZ3F5LdtQL506O8M5CNzJ9XNDXaos3lnPKXprtlm8xdRqOnHjG_eSUinH-3F3_UOyrBjop143OKxbdfeDxgAlR0dl7UjCT_l1M_CRgrbmqNEeGa_bfcDGpxmaShgdM_Moz2gBmQ.ZZv81sWPhRLmrhxcCxbu62fIPvt-xXkVbryS_CGHOBQ&dib_tag=se&keywords=amazon+brand&qid=1756087065&sprefix=amazon+bra%2Caps%2C306&sr=8-6&linkCode=ll1&tag=dealjolt-21&linkId=648c2429bbdfcb84a924b299aafb84be&language=en_IN&ref_=as_li_ss_tl,Amazon Brand - Symbol Men's Baggy Cargo Jeans (Loose Fit | 100% Cotton),₹849.00849.00,-66%,,2025-12-06 14:37:21
https://www.amazon.in/Amazon-Brand-Universe-Decoration-Birthday/dp/B0DJ3JKKC7?crid=LLD2FVGVGMJ6&dib=eyJ2IjoiMSJ9.Mj3dKqkwDpqOfzA4mDxPLEIB2qOEOQnHNtPkDmh5vFVt9falLY_XOQrl-7N6YOf9JjxmLcq4qZFKuEP3s19kCMtQ4ygpbhBBtY9zxE0XaRnkNPNSCPboV_OgRsxcOOK889rsT7B3SZRY9EXPu_i5PIb7rzINY6cyCagakZ3F5LdtQL506O8M5CNzJ9XNDXaos3lnPKXprtlm8xdRqOnHjG_eSUinH-3F3_UOyrBjop143OKxbdfeDxgAlR0dl7UjCT_l1M_CRgrbmqNEeGa_bfcDGpxmaShgdM_Moz2gBmQ.ZZv81sWPhRLmrhxcCxbu62fIPvt-xXkVbryS_CGHOBQ&dib_tag=se&keywords=amazon+brand&qid=1756087065&sprefix=amazon+bra%2Caps%2C306&sr=8-20&linkCode=ll1&tag=dealjolt-21&linkId=aff370b0736d20b3c4790968032a3bb6&language=en_IN&ref_=as_li_ss_tl,"Amazon Brand - Umi Apple metel LED Pixel Night Light | 360° Decorative Copper Wire LED Lights for Diwali, Christmas, Wedding, Party & Home Decoration | Bright Serial LED (3-Meter, Warm White)",₹199.00199.00,-80%,,2025-12-06 14:37:33
https://www.amazon.in/XYXX-Cotton-Modal-Matrix-Brief_3_Cascade/dp/B0FBX4Z3CK?crid=LLD2FVGVGMJ6&dib=eyJ2IjoiMSJ9.Mj3dKqkwDpqOfzA4mDxPLEIB2qOEOQnHNtPkDmh5vFVt9falLY_XOQrl-7N6YOf9JjxmLcq4qZFKuEP3s19kCMtQ4ygpbhBBtY9zxE0XaRnkNPNSCPboV_OgRsxcOOK889rsT7B3SZRY9EXPu_i5PIb7rzINY6cyCagakZ3F5LdtQL506O8M5CNzJ9XNDXaos3lnPKXprtlm8xdRqOnHjG_eSUinH-3F3_UOyrBjop143OKxbdfeDxgAlR0dl7UjCT_l1M_CRgrbmqNEeGa_bfcDGpxmaShgdM_Moz2gBmQ.ZZv81sWPhRLmrhxcCxbu62fIPvt-xXkVbryS_CGHOBQ&dib_tag=se&keywords=amazon%2Bbrand&qid=1756087065&sprefix=amazon%2Bbra%2Caps%2C306&sr=8-24-spons&sp_csd=d2lkZ2V0TmFtZT1zcF9tdGY&th=1&psc=1&linkCode=ll1&tag=dealjolt-21&linkId=f4e397afa80ae8bd0822915bc85a5362&language=en_IN&ref_=as_li_ss_tl,XYXX Metrix Cotton Modal Brief for Men | Snug Fit with Anti-roll no-Marks Waistband | Printed Underwear for Men Combo,₹999.00999.00,-17%,,2025-12-06 14:37:53
https://www.amazon.in/Amazon-Brand-Notebooks-Spiral-Bound-Lightweight/dp/B0C6KCTQ9D?crid=LLD2FVGVGMJ6&dib=eyJ2IjoiMSJ9.Mj3dKqkwDpqOfzA4mDxPLEIB2qOEOQnHNtPkDmh5vFVt9falLY_XOQrl-7N6YOf9JjxmLcq4qZFKuEP3s19kCMtQ4ygpbhBBtY9zxE0XaRnkNPNSCPboV_OgRsxcOOK889rsT7B3SZRY9EXPu_i5PIb7rzINY6cyCagakZ3F5LdtQL506O8M5CNzJ9XNDXaos3lnPKXprtlm8xdRqOnHjG_eSUinH-3F3_UOyrBjop143OKxbdfeDxgAlR0dl7UjCT_l1M_CRgrbmqNEeGa_bfcDGpxmaShgdM_Moz2gBmQ.ZZv81sWPhRLmrhxcCxbu62fIPvt-xXkVbryS_CGHOBQ&dib_tag=se&keywords=amazon%2Bbrand&qid=1756087065&sprefix=amazon%2Bbra%2Caps%2C306&sr=8-26&th=1&linkCode=ll1&tag=dealjolt-21&linkId=246e2d166df108f173a761b2dee38e18&language=en_IN&ref_=as_li_ss_tl,"Amazon Brand - Solimo Notebooks, Spiral-Bound, Lightweight, Vibrant Colours (A5, 100 Pages, 70 GSM, Set of 5)",₹309.00309.00,-59%,,2025-12-06 14:37:54
https://www.amazon.in/ShineXPro-Microfiber-Car-Cleaning-Cloth/dp/B09RWTYMCF?content-id=amzn1.sym.b5876297-ded6-4475-876b-d315610bb575%3Aamzn1.sym.b5876297-ded6-4475-876b-d315610bb575&dib=eyJ2IjoiMSJ9.Zl98AYk_LNl2CiXodli085oy9tqD6TE05Wqt5rb6kipV2wumWDtS7TViK86mR-hEjthu6FwfksTDjC2Kcg3xsJ1n0HGoDcBZOJcodeGL85X3XXvuc8zG7UVvZI-jACB9SrgJCCj_4S0uatIJuhLvb8iA9kgqvVm-uBbNEXLdoFzgXDb2z-ZEYvi9V2TjY8KosCvAOEd5oUKwuXoSmCF1fqGy4DoRSzyKRoQIasqgI0xeHl9405BJNKJTqeQ-qX2KLczJTi2Ujayb5G_yMxPSUgxas4JVeasuLd4KaBNB8ac.ZdIe74NUbwRAhPZU4wQHqiKKFaPhmMKwozjJ6NhDsPI&dib_tag=se&keywords=amazon%2Bbasics&pd_rd_r=3b965d7c-0a62-486f-8da0-ebe1c61a4ae3&pd_rd_w=CGkB3&pd_rd_wg=VgZOY&qid=1756087139&sr=8-2-spons&sp_csd=d2lkZ2V0TmFtZT1zcF9hdGY&th=1&linkCode=ll1&tag=dealjolt-21&linkId=3c6cd85bdc410148be399b7cd266929f&language=en_IN&ref_=as_li_ss_tl,,,,"Page load failed: Message: timeout: Timed out receiving message from renderer: 4.624
  (Session info: chrome=143.0.7499.41)
Stacktrace:
Symbols not available. Dumping unresolved backtrace:
	0xbd0d23
	0xbd0d64
	0x9be6dd
	0x9aed49
	0x9aea85
	0x9ac94f
	0x9ad456
	0x9ba09b
	0x9cbe5e
	0x9d1976
	0x9adad2
	0x9cbbd5
	0xa4de45
	0xa2b2e6
	0x9fd321
	0x9fe1d4
	0xe24d64
	0xe2031b
	0xe3cbfa
	0xbeac28
	0xbf2c2d
	0xbd9028
	0xbd91e9
	0xbc3578
	0x75785d49
	0x77d6d6cb
	0x77d6d651
",2025-12-06 14:37:46
https://www.amazon.in/Amazon-Basics-Earphone-Carrying-Case/dp/B0CP92KKT4?content-id=amzn1.sym.b5876297-ded6-4475-876b-d315610bb575%3Aamzn1.sym.b5876297-ded6-4475-876b-d315610bb575&dib=eyJ2IjoiMSJ9.Zl98AYk_LNl2CiXodli085oy9tqD6TE05Wqt5rb6kipV2wumWDtS7TViK86mR-hEjthu6FwfksTDjC2Kcg3xsJ1n0HGoDcBZOJcodeGL85X3XXvuc8zG7UVvZI-jACB9SrgJCCj_4S0uatIJuhLvb8iA9kgqvVm-uBbNEXLdoFzgXDb2z-ZEYvi9V2TjY8KosCvAOEd5oUKwuXoSmCF1fqGy4DoRSzyKRoQIasqgI0xeHl9405BJNKJTqeQ-qX2KLczJTi2Ujayb5G_yMxPSUgxas4JVeasuLd4KaBNB8ac.ZdIe74NUbwRAhPZU4wQHqiKKFaPhmMKwozjJ6NhDsPI&dib_tag=se&keywords=amazon+basics&pd_rd_r=3b965d7c-0a62-486f-8da0-ebe1c61a4ae3&pd_rd_w=CGkB3&pd_rd_wg=VgZOY&qid=1756087139&sr=8-6&linkCode=ll1&tag=dealjolt-21&linkId=04e68f15ab44a4565d5261dd2dd3666d&language=en_IN&ref_=as_li_ss_tl,,,,"Page load failed: Message: timeout: Timed out receiving message from renderer: 4.581
  (Session info: chrome=143.0.7499.41)
Stacktrace:
Symbols not available. Dumping unresolved backtrace:
	0xbd0d23
	0xbd0d64
	0x9be6dd
	0x9aed49
	0x9aea85
	0x9ac94f
	0x9ad456
	0x9ba09b
	0x9cbe5e
	0x9d1976
	0x9adad2
	0x9cbbd5
	0xa4de45
	0xa2b2e6
	0x9fd321
	0x9fe1d4
	0xe24d64
	0xe2031b
	0xe3cbfa
	0xbeac28
	0xbf2c2d
	0xbd9028
	0xbd91e9
	0xbc3578
	0x75785d49
	0x77d6d6cb
	0x77d6d651
",2025-12-06 14:37:58
https://www.amazon.in/Toiletry-Organizer-Cosmetics-Compartments-Water-Resistant/dp/B0CWXX3CJ5?content-id=amzn1.sym.b5876297-ded6-4475-876b-d315610bb575%3Aamzn1.sym.b5876297-ded6-4475-876b-d315610bb575&dib=eyJ2IjoiMSJ9.Zl98AYk_LNl2CiXodli085oy9tqD6TE05Wqt5rb6kipV2wumWDtS7TViK86mR-hEjthu6FwfksTDjC2Kcg3xsJ1n0HGoDcBZOJcodeGL85X3XXvuc8zG7UVvZI-jACB9SrgJCCj_4S0uatIJuhLvb8iA9kgqvVm-uBbNEXLdoFzgXDb2z-ZEYvi9V2TjY8KosCvAOEd5oUKwuXoSmCF1fqGy4DoRSzyKRoQIasqgI0xeHl9405BJNKJTqeQ-qX2KLczJTi2Ujayb5G_yMxPSUgxas4JVeasuLd4KaBNB8ac.ZdIe74NUbwRAhPZU4wQHqiKKFaPhmMKwozjJ6NhDsPI&dib_tag=se&keywords=amazon+basics&pd_rd_r=3b965d7c-0a62-486f-8da0-ebe1c61a4ae3&pd_rd_w=CGkB3&pd_rd_wg=VgZOY&qid=1756087139&sr=8-5&linkCode=ll1&tag=dealjolt-21&linkId=63693c0944fd1f517d1b9b53388eb55b&language=en_IN&ref_=as_li_ss_tl,,,,"Page load failed: Message: timeout: Timed out receiving message from renderer: 4.586
  (Session info: chrome=143.0.7499.41)
Stacktrace:
Symbols not available. Dumping unresolved backtrace:
	0xbd0d23
	0xbd0d64
	0x9be6dd
	0x9aed49
	0x9aea85
	0x9ac94f
	0x9ad456
	0x9ba09b
	0x9cbe5e
	0x9d1976
	0x9adad2
	0x9cbbd5
	0xa4de45
	0xa2b2e6
	0x9fd321
	0x9fe1d4
	0xe24d64
	0xe2031b
	0xe3cbfa
	0xbeac28
	0xbf2c2d
	0xbd9028
	0xbd91e9
	0xbc3578
	0x75785d49
	0x77d6d6cb
	0x77d6d651
",2025-12-06 14:38:10
